{
    "TIA": 1776839170.979785,
    "INJ": 1776795434.622989,
    "ARB": 1776813108.7217145,
    "APT": 1776859940.3139198
}