{
    "TIA": 1777214092.4616494,
    "INJ": 1777245074.1149344,
    "PEPE": 1777224408.6676967,
    "ARB": 1777202927.6857595,
    "ETH": 1777233784.2166133
}