{
    "TIA": 1776467535.9995334,
    "ARB": 1776499858.3846364,
    "OP": 1776456701.3614588,
    "BTC": 1776491693.6699793,
    "INJ": 1776510709.5638907,
    "PEPE": 1776522442.4461203,
    "FET": 1776532002.1122684,
    "APT": 1776542252.168891
}