{
    "FET": 1775289926.5900183,
    "APT": 1775279888.5967295,
    "NEAR": 1775311644.8938146,
    "AVAX": 1775235908.4962082,
    "SHIB": 1775253984.0882695,
    "PEPE": 1775300244.093816,
    "TIA": 1775318600.4002523
}