{
    "TIA": 1776670267.5298564,
    "OP": 1776618393.825675,
    "APT": 1776608847.8683481,
    "ETH": 1776628701.1602235,
    "SUI": 1776636422.846996,
    "FET": 1776687471.068951
}