{
    "FET": 1775368743.2849264,
    "BNB": 1775339996.2776306,
    "WIF": 1775376449.429709,
    "SUI": 1775386802.9509814,
    "ARB": 1775398088.0225685,
    "OP": 1775405089.4865327,
    "SHIB": 1775418769.9226773
}