{
    "DOT": 1776209582.4233224,
    "NEAR": 1776234219.097038,
    "PEPE": 1776254877.8454328,
    "INJ": 1776279086.5244582
}