{
    "PEPE": 1776320736.9027994,
    "INJ": 1776279086.5244582,
    "OP": 1776295879.2745054,
    "TIA": 1776341600.2044542,
    "DOT": 1776365472.4607558
}