{
    "TIA": 1776901045.5412834,
    "OP": 1776946341.1150868,
    "WIF": 1776925837.2997885
}