{
    "TIA": 1775884936.9064424,
    "ARB": 1775862239.4940925,
    "DOT": 1775832426.9482832,
    "FET": 1775842812.1720166,
    "PEPE": 1775851351.360699,
    "APT": 1775894658.787406
}