{
    "AVAX": 1775628524.6713881,
    "DOT": 1775585603.1496615,
    "PEPE": 1775603405.0946946,
    "TIA": 1775649823.4058886
}