{
    "AVAX": 1775541751.219282,
    "DOT": 1775585603.1496615,
    "SUI": 1775513264.262233,
    "ADA": 1775563358.155684
}