{
    "AVAX": 1775628524.6713881,
    "DOT": 1775585603.1496615,
    "ADA": 1775563358.155684,
    "PEPE": 1775603405.0946946
}