{
    "NEAR": 1775674704.3019207,
    "APT": 1775689949.3323019,
    "FET": 1775714985.3543732,
    "LINK": 1775736285.2232785
}