{
    "TIA": 1777137975.0164895,
    "OP": 1777158380.6455286,
    "INJ": 1777185127.46057,
    "PEPE": 1777147139.3467095,
    "TRX": 1777127603.2257817
}