{
    "AVAX": 1775628524.6713881,
    "PEPE": 1775603405.0946946,
    "TIA": 1775649823.4058886,
    "NEAR": 1775674704.3019207
}