{
    "APT": 1775777276.050354,
    "FET": 1775714985.3543732,
    "LINK": 1775736285.2232785,
    "TIA": 1775758476.3637311
}