{
    "APT": 1777758310.1478944,
    "ARB": 1777716127.3853056,
    "INJ": 1777727987.4787877,
    "TRX": 1777708252.9309578,
    "FET": 1777737162.7267458,
    "OP": 1777748745.938901,
    "TIA": 1777779193.0872533
}