{
    "TIA": 1776839170.979785,
    "ARB": 1776813108.7217145,
    "APT": 1776859940.3139198,
    "OP": 1776881917.7518878
}