{
    "WIF": 1776168670.686326,
    "ETH": 1776147757.6622674,
    "TIA": 1776192670.84643,
    "DOT": 1776209582.4233224
}