{
    "TIA": 1776839170.979785,
    "INJ": 1776795434.622989,
    "PEPE": 1776752793.1448417,
    "ARB": 1776813108.7217145
}