{
    "WIF": 1776168670.686326,
    "OP": 1776123181.2666686,
    "ETH": 1776147757.6622674,
    "TIA": 1776192670.84643
}