{
    "WIF": 1776106594.093874,
    "SUI": 1776024571.8647127,
    "OP": 1776031505.5939302,
    "NEAR": 1776065379.5683906,
    "DOT": 1776082467.8016136
}