{
    "ARB": 1775937225.292576,
    "APT": 1775974449.150957,
    "ADA": 1775923446.5474427,
    "WIF": 1776003185.3344827,
    "TIA": 1775992207.3073142
}