{
    "TIA": 1775095647.5991929,
    "AVAX": 1775113127.6160882
}