{
    "TIA": 1776407177.303038,
    "APT": 1776382082.5167737,
    "ARB": 1776427472.3349862,
    "ETH": 1776447557.076021,
    "OP": 1776456701.3614588
}