{
    "ARB": 1775937225.292576,
    "APT": 1775974449.150957,
    "NEAR": 1775905262.8866727,
    "OP": 1775916545.3032494,
    "ADA": 1775923446.5474427,
    "WIF": 1775944938.8652017
}