{
    "APT": 1777758310.1478944,
    "ARB": 1777716127.3853056,
    "INJ": 1777727987.4787877,
    "FET": 1777795588.445286,
    "OP": 1777748745.938901,
    "TIA": 1777779193.0872533
}