{
    "TIA": 1776579635.239552,
    "ARB": 1776499858.3846364,
    "OP": 1776549959.1809456,
    "INJ": 1776510709.5638907,
    "PEPE": 1776522442.4461203,
    "FET": 1776532002.1122684,
    "APT": 1776542252.168891
}