{
    "WIF": 1776003185.3344827,
    "PEPE": 1776013579.4721134,
    "SUI": 1776024571.8647127,
    "OP": 1776031505.5939302,
    "NEAR": 1776065379.5683906,
    "DOT": 1776082467.8016136
}