{
    "TIA": 1776579635.239552,
    "ARB": 1776597140.3572435,
    "OP": 1776549959.1809456,
    "PEPE": 1776522442.4461203,
    "FET": 1776532002.1122684,
    "APT": 1776542252.168891
}