{
    "INJ": 1777245074.1149344,
    "PEPE": 1777224408.6676967,
    "ARB": 1777276839.5269513,
    "ETH": 1777233784.2166133,
    "OP": 1777303733.1218503
}